iso2c,country,year,gdp_percap,child_mortal,fertil_rate,iso3c.x,region,capital,longitude,latitude,income,lending,iso3c.y,total population women 20-44,secondary_infertility_rate
AF,Afghanistan,1990,,181,7.466,AFG,South Asia,Kabul,69.1761,34.5228,Low income,IDA,AFG,1912520,0.0515645
AF,Afghanistan,2010,1581.60083598967,105,5.816,AFG,South Asia,Kabul,69.1761,34.5228,Low income,IDA,AFG,4667212,0.0447179
AL,Albania,1990,2721.61521196936,40.6,2.978,ALB,Europe & Central Asia,Tirane,19.8172,41.3317,Upper middle income,IBRD,ALB,599992,0.0266675
AL,Albania,2010,9646.61572668359,16.6,1.653,ALB,Europe & Central Asia,Tirane,19.8172,41.3317,Upper middle income,IBRD,ALB,613960,0.0219803
DZ,Algeria,1990,6616.20968397166,46.8,4.726,DZA,Middle East & North Africa,Algiers,3.05097,36.7397,Upper middle income,IBRD,DZA,4055537,0.0334882
DZ,Algeria,2010,12609.8694102618,27.3,2.889,DZA,Middle East & North Africa,Algiers,3.05097,36.7397,Upper middle income,IBRD,DZA,7573851,0.0302036
AS,American Samoa,1990,,,,ASM,East Asia & Pacific,Pago Pago,-170.691,-14.2846,Upper middle income,Not classified,,,
AS,American Samoa,2010,,,,ASM,East Asia & Pacific,Pago Pago,-170.691,-14.2846,Upper middle income,Not classified,,,
AD,Andorra,1990,,8.5,,AND,Europe & Central Asia,Andorra la Vella,1.5218,42.5075,High income,Not classified,AND,9450,0.0148624
AD,Andorra,2010,,3.3,1.27,AND,Europe & Central Asia,Andorra la Vella,1.5218,42.5075,High income,Not classified,AND,15754,0.0124105
AO,Angola,1990,2840.20076315583,226,7.247,AGO,Sub-Saharan Africa,Luanda,13.242,-8.81155,Lower middle income,IDA,AGO,1590953,0.0981486
AO,Angola,2010,5775.864013056,182.5,6.162,AGO,Sub-Saharan Africa,Luanda,13.242,-8.81155,Lower middle income,IDA,AGO,2986395,0.0699583
AG,Antigua and Barbuda,1990,10587.2525761003,25.5,2.061,ATG,Latin America & Caribbean,Saint John's,-61.8456,17.1175,Upper middle income,IBRD,ATG,11863,0.0227568
AG,Antigua and Barbuda,2010,18760.6333661396,9.9,2.13,ATG,Latin America & Caribbean,Saint John's,-61.8456,17.1175,Upper middle income,IBRD,ATG,17722,0.0203926
AR,Argentina,1990,6990.5540452718,27.6,2.989,ARG,Latin America & Caribbean,Buenos Aires,-58.4173,-34.6118,Upper middle income,IBRD,ARG,5543327,0.0279737
AR,Argentina,2010,18333.5436985461,14.6,2.37,ARG,Latin America & Caribbean,Buenos Aires,-58.4173,-34.6118,Upper middle income,IBRD,ARG,7377629,0.0211384
AM,Armenia,1990,2418.86092635283,49.8,2.544,ARM,Europe & Central Asia,Yerevan,44.509,40.1596,Lower middle income,Blend,ARM,705400,0.0461263
AM,Armenia,2010,6567.25858179835,18,1.693,ARM,Europe & Central Asia,Yerevan,44.509,40.1596,Lower middle income,Blend,ARM,597414,0.0341176
AW,Aruba,1990,,,2.249,ABW,Latin America & Caribbean,Oranjestad,-70.0167,12.5167,High income,Not classified,,,
AW,Aruba,2010,,,1.776,ABW,Latin America & Caribbean,Oranjestad,-70.0167,12.5167,High income,Not classified,,,
AU,Australia,1990,17373.7682260749,9.2,1.902,AUS,East Asia & Pacific,Canberra,149.129,-35.282,High income,Not classified,AUS,3350690,0.0195462
AU,Australia,2010,39191.0356251816,4.8,1.928,AUS,East Asia & Pacific,Canberra,149.129,-35.282,High income,Not classified,AUS,3935996,0.0164088
AT,Austria,1990,19394.2337451815,9.5,1.46,AUT,Europe & Central Asia,Vienna,16.3798,48.2201,High income,Not classified,AUT,1445226,0.0165697
AT,Austria,2010,41906.7295926896,4.4,1.44,AUT,Europe & Central Asia,Vienna,16.3798,48.2201,High income,Not classified,AUT,1441953,0.0143691
AZ,Azerbaijan,1990,5502.43398864152,94.7,2.74,AZE,Europe & Central Asia,Baku,49.8932,40.3834,Upper middle income,IBRD,AZE,1370871,0.0456204
AZ,Azerbaijan,2010,15627.6056198817,39,1.92,AZE,Europe & Central Asia,Baku,49.8932,40.3834,Upper middle income,IBRD,AZE,1912075,0.0357272
BS,"Bahamas, The",1990,15693.8358583275,23.5,2.639,BHS,Latin America & Caribbean,Nassau,-77.339,25.0661,High income,Not classified,,,
BS,"Bahamas, The",2010,22431.9299506065,13.9,1.865,BHS,Latin America & Caribbean,Nassau,-77.339,25.0661,High income,Not classified,,,
BH,Bahrain,1990,22969.1779407432,23,3.732,BHR,Middle East & North Africa,Manama,50.5354,26.1921,High income,Not classified,BHR,87717,0.0269122
BH,Bahrain,2010,40230.2310964385,8.3,2.164,BHR,Middle East & North Africa,Manama,50.5354,26.1921,High income,Not classified,BHR,232985,0.0203279
BD,Bangladesh,1990,832.434081719866,143.7,4.494,BGD,South Asia,Dhaka,90.4113,23.7055,Low income,IDA,BGD,164e5,0.0338791
BD,Bangladesh,2010,2393.31583163503,49.6,2.328,BGD,South Asia,Dhaka,90.4113,23.7055,Low income,IDA,BGD,297e5,0.0255575
BB,Barbados,1990,8595.21093112885,17.9,1.74,BRB,Latin America & Caribbean,Bridgetown,-59.6105,13.0935,High income,Not classified,BRB,54938,0.0368796
BB,Barbados,2010,15035.1870256305,14.7,1.781,BRB,Latin America & Caribbean,Bridgetown,-59.6105,13.0935,High income,Not classified,BRB,48581,0.0289976
BY,Belarus,1990,5399.40549943281,16.6,1.913,BLR,Europe & Central Asia,Minsk,27.5766,53.9678,Upper middle income,IBRD,BLR,1877708,0.0465881
BY,Belarus,2010,15906.7560805789,6.1,1.494,BLR,Europe & Central Asia,Minsk,27.5766,53.9678,Upper middle income,IBRD,BLR,1832751,0.0358947
BE,Belgium,1990,18757.8052190019,10,1.62,BEL,Europe & Central Asia,Brussels,4.36761,50.8371,High income,Not classified,BEL,1837513,0.0204118
BE,Belgium,2010,40129.426334665,4.5,1.86,BEL,Europe & Central Asia,Brussels,4.36761,50.8371,High income,Not classified,BEL,1745875,0.0161525
BZ,Belize,1990,3338.21210391779,39.6,4.508,BLZ,Latin America & Caribbean,Belmopan,-88.7713,17.2534,Lower middle income,IBRD,BLZ,30861,0.0291955
BZ,Belize,2010,7715.95031849724,19,2.715,BLZ,Latin America & Caribbean,Belmopan,-88.7713,17.2534,Lower middle income,IBRD,BLZ,57898,0.0263446
BJ,Benin,1990,945.37674549935,179.5,6.744,BEN,Sub-Saharan Africa,Porto-Novo,2.6323,6.4779,Low income,IDA,BEN,743994,0.0754077
BJ,Benin,2010,1781.98706633659,111.6,5.362,BEN,Sub-Saharan Africa,Porto-Novo,2.6323,6.4779,Low income,IDA,BEN,1459822,0.0578798
BM,Bermuda,1990,26210.9109007466,,,BMU,North America,Hamilton,-64.706,32.3293,High income,Not classified,,,
BM,Bermuda,2010,55254.2141192067,,1.76,BMU,North America,Hamilton,-64.706,32.3293,High income,Not classified,,,
BT,Bhutan,1990,1502.88065800944,133.7,5.639,BTN,South Asia,Thimphu,89.6177,27.5768,Lower middle income,IDA,BTN,83780,0.0487131
BT,Bhutan,2010,6289.81436412947,42.3,2.382,BTN,South Asia,Thimphu,89.6177,27.5768,Lower middle income,IDA,BTN,135335,0.0338892
BO,Bolivia,1990,2396.11496689992,124.4,4.894,BOL,Latin America & Caribbean,La Paz,-66.1936,-13.9908,Lower middle income,Blend,BOL,1107977,0.0250923
BO,Bolivia,2010,5298.08451219437,47,3.2,BOL,Latin America & Caribbean,La Paz,-66.1936,-13.9908,Lower middle income,Blend,BOL,1752051,0.0188782
BA,Bosnia and Herzegovina,1990,,18.3,1.772,BIH,Europe & Central Asia,Sarajevo,18.4214,43.8607,Upper middle income,Blend,BIH,855854,0.0593764
BA,Bosnia and Herzegovina,2010,9317.07051965154,7.4,1.306,BIH,Europe & Central Asia,Sarajevo,18.4214,43.8607,Upper middle income,Blend,BIH,720627,0.0439432
BW,Botswana,1990,5242.045646628,54.2,4.54,BWA,Sub-Saharan Africa,Gaborone,25.9201,-24.6544,Upper middle income,IBRD,BWA,225513,0.0586662
BW,Botswana,2010,13064.4662321305,53.5,2.884,BWA,Sub-Saharan Africa,Gaborone,25.9201,-24.6544,Upper middle income,IBRD,BWA,379070,0.0330918
BR,Brazil,1990,6686.08048384202,60.8,2.909,BRA,Latin America & Caribbean,Brasilia,-47.9292,-15.7801,Upper middle income,IBRD,BRA,283e5,0.0204726
BR,Brazil,2010,14244.9787898614,16.6,1.805,BRA,Latin America & Caribbean,Brasilia,-47.9292,-15.7801,Upper middle income,IBRD,BRA,392e5,0.014698
BN,Brunei Darussalam,1990,54726.5642826069,12.2,3.291,BRN,East Asia & Pacific,Bandar Seri Begawan,114.946,4.94199,High income,Not classified,BRN,48806,0.0192983
BN,Brunei Darussalam,2010,78923.3904740313,9.3,1.838,BRN,East Asia & Pacific,Bandar Seri Begawan,114.946,4.94199,High income,Not classified,BRN,91314,0.0156162
BG,Bulgaria,1990,5187.75319639011,22.1,1.82,BGR,Europe & Central Asia,Sofia,23.3238,42.7105,Upper middle income,IBRD,BGR,1520669,0.0429882
BG,Bulgaria,2010,14962.9848631188,13,1.57,BGR,Europe & Central Asia,Sofia,23.3238,42.7105,Upper middle income,IBRD,BGR,1312499,0.0325678
BF,Burkina Faso,1990,530.78551538395,202.2,7.007,BFA,Sub-Saharan Africa,Ouagadougou,-1.53395,12.3605,Low income,IDA,BFA,1431696,0.0744733
BF,Burkina Faso,2010,1395.96036598524,113.5,5.868,BFA,Sub-Saharan Africa,Ouagadougou,-1.53395,12.3605,Low income,IDA,BFA,2714538,0.0604994
BI,Burundi,1990,702.879896737916,171.8,7.505,BDI,Sub-Saharan Africa,Bujumbura,29.3639,-3.3784,Low income,IDA,BDI,954963,0.0522253
BI,Burundi,2010,748.380657602419,98.8,6.256,BDI,Sub-Saharan Africa,Bujumbura,29.3639,-3.3784,Low income,IDA,BDI,1558104,0.0369037
KH,Cambodia,1990,,117.3,5.601,KHM,East Asia & Pacific,Phnom Penh,104.874,11.5556,Low income,IDA,KHM,1726783,0.0514458
KH,Cambodia,2010,2471.89147442463,43.1,2.875,KHM,East Asia & Pacific,Phnom Penh,104.874,11.5556,Low income,IDA,KHM,2700144,0.0423202
CM,Cameroon,1990,1843.49885011014,138,6.436,CMR,Sub-Saharan Africa,Yaounde,11.5174,3.8721,Lower middle income,IDA,CMR,1848473,0.1102853
CM,Cameroon,2010,2601.22829735359,104.8,5.111,CMR,Sub-Saharan Africa,Yaounde,11.5174,3.8721,Lower middle income,IDA,CMR,3352112,0.0740026
CA,Canada,1990,20107.8306877283,8.3,1.83,CAN,North America,Ottawa,-75.6919,45.4215,High income,Not classified,CAN,5746364,0.0135552
CA,Canada,2010,40027.2402088674,5.6,1.6269,CAN,North America,Ottawa,-75.6919,45.4215,High income,Not classified,CAN,5764270,0.0108783
KY,Cayman Islands,1990,,,,CYM,Latin America & Caribbean,George Town,-81.3857,19.3022,High income,Not classified,,,
KY,Cayman Islands,2010,,,,CYM,Latin America & Caribbean,George Town,-81.3857,19.3022,High income,Not classified,,,
CF,Central African Republic,1990,602.549493843312,176.5,5.808,CAF,Sub-Saharan Africa,Bangui,21.6407,5.63056,Low income,IDA,CAF,460894,0.1288839
CF,Central African Republic,2010,870.044080916885,150.2,5.215,CAF,Sub-Saharan Africa,Bangui,21.6407,5.63056,Low income,IDA,CAF,748588,0.0900275
TD,Chad,1990,717.712756095914,214.6,7.313,TCD,Sub-Saharan Africa,N'Djamena,15.0445,12.1048,Low income,IDA,TCD,910851,0.1182297
TD,Chad,2010,1886.25106054051,160.1,6.592,TCD,Sub-Saharan Africa,N'Djamena,15.0445,12.1048,Low income,IDA,TCD,1756459,0.0935444
JG,Channel Islands,1990,,,1.46,CHI,Europe & Central Asia,,,,High income,Not classified,,,
JG,Channel Islands,2010,,,1.436,CHI,Europe & Central Asia,,,,High income,Not classified,,,
CL,Chile,1990,4589.10839980802,19.1,2.547,CHL,Latin America & Caribbean,Santiago,-70.6475,-33.475,Upper middle income,IBRD,CHL,2614130,0.0256329
CL,Chile,2010,18356.7762179634,8.8,1.879,CHL,Latin America & Caribbean,Santiago,-70.6475,-33.475,Upper middle income,IBRD,CHL,3193049,0.0206867
CN,China,1990,986.568444391292,53.8,2.35,CHN,East Asia & Pacific,Beijing,116.286,40.0495,Upper middle income,IBRD,,,
CN,China,2010,9333.12488218956,15.7,1.59,CHN,East Asia & Pacific,Beijing,116.286,40.0495,Upper middle income,IBRD,,,
CO,Colombia,1990,4869.16184672328,35.1,2.994,COL,Latin America & Caribbean,Bogota,-74.082,4.60987,Upper middle income,IBRD,COL,6382337,0.0182259
CO,Colombia,2010,10680.0030066548,18.5,2.01,COL,Latin America & Caribbean,Bogota,-74.082,4.60987,Upper middle income,IBRD,COL,9018195,0.015292
KM,Comoros,1990,1034.10155080008,125.1,6.412,COM,Sub-Saharan Africa,Moroni,43.2418,-11.6986,Low income,IDA,COM,66803,0.075864
KM,Comoros,2010,1383.9296940583,86,4.754,COM,Sub-Saharan Africa,Moroni,43.2418,-11.6986,Low income,IDA,COM,126718,0.0532409
CD,"Congo, Dem. Rep.",1990,827.600330402252,186.5,6.746,COD,Sub-Saharan Africa,Kinshasa,15.3222,-4.325,Low income,IDA,,,
CD,"Congo, Dem. Rep.",2010,597.076987349427,116.1,6.544,COD,Sub-Saharan Africa,Kinshasa,15.3222,-4.325,Low income,IDA,,,
CG,"Congo, Rep.",1990,3322.42159504868,93.6,5.349,COG,Sub-Saharan Africa,Brazzaville,15.2662,-4.2767,Lower middle income,IDA,,,
CG,"Congo, Rep.",2010,5081.43434243558,60.6,4.948,COG,Sub-Saharan Africa,Brazzaville,15.2662,-4.2767,Lower middle income,IDA,,,
CR,Costa Rica,1990,5033.09994187275,16.9,3.172,CRI,Latin America & Caribbean,San Jose,-84.0089,9.63701,Upper middle income,IBRD,CRI,576743,0.0196248
CR,Costa Rica,2010,12737.0201761635,10.2,1.922,CRI,Latin America & Caribbean,San Jose,-84.0089,9.63701,Upper middle income,IBRD,CRI,913606,0.0146103
CI,Cote d'Ivoire,1990,2064.23166352787,152.6,6.622,CIV,Sub-Saharan Africa,Yamoussoukro,-4.0305,5.332,Lower middle income,IDA,,,
CI,Cote d'Ivoire,2010,2635.83777138699,109.1,5.269,CIV,Sub-Saharan Africa,Yamoussoukro,-4.0305,5.332,Lower middle income,IDA,,,
HR,Croatia,1990,,12.9,1.63,HRV,Europe & Central Asia,Zagreb,15.9614,45.8069,High income,IBRD,HRV,815400,0.052742700000000003
HR,Croatia,2010,19205.437355706,5.4,1.55,HRV,Europe & Central Asia,Zagreb,15.9614,45.8069,High income,IBRD,HRV,739244,0.0362922
CU,Cuba,1990,,13.3,1.75,CUB,Latin America & Caribbean,Havana,-82.3667,23.1333,Upper middle income,Not classified,CUB,2138337,0.0273647
CU,Cuba,2010,,6.1,1.639,CUB,Latin America & Caribbean,Havana,-82.3667,23.1333,Upper middle income,Not classified,CUB,2097016,0.0245893
CW,Curacao,1990,,,,CUW,Latin America & Caribbean,Willemstad,,,High income,Not classified,,,
CW,Curacao,2010,,,2.2,CUW,Latin America & Caribbean,Willemstad,,,High income,Not classified,,,
CY,Cyprus,1990,13171.2749618418,11.1,2.411,CYP,Europe & Central Asia,Nicosia,33.3736,35.1676,High income,Not classified,CYP,142854,0.0139024
CY,Cyprus,2010,33295.0278933853,3.6,1.424,CYP,Europe & Central Asia,Nicosia,33.3736,35.1676,High income,Not classified,CYP,208435,0.0098395
CZ,Czech Republic,1990,12608.5103420969,14.6,1.9,CZE,Europe & Central Asia,Prague,14.4205,50.0878,High income,Not classified,CZE,1831850,0.0567437
CZ,Czech Republic,2010,27659.2652379998,4.1,1.51,CZE,Europe & Central Asia,Prague,14.4205,50.0878,High income,Not classified,CZE,1921236,0.0442819
DK,Denmark,1990,18214.3334433556,8.9,1.67,DNK,Europe & Central Asia,Copenhagen,12.5681,55.6763,High income,Not classified,DNK,949780,0.0152116
DK,Denmark,2010,43082.7555384582,4,1.87,DNK,Europe & Central Asia,Copenhagen,12.5681,55.6763,High income,Not classified,DNK,886726,0.0134554
DJ,Djibouti,1990,2004.7118537912,119.4,6.073,DJI,Middle East & North Africa,Djibouti,43.1425,11.5806,Lower middle income,IDA,DJI,91625,0.1248058
DJ,Djibouti,2010,2581.41660981976,76.1,3.301,DJI,Middle East & North Africa,Djibouti,43.1425,11.5806,Lower middle income,IDA,DJI,164530,0.0963692
DM,Dominica,1990,4349.51581289506,17.1,,DMA,Latin America & Caribbean,Roseau,-61.39,15.2976,Upper middle income,Blend,DMA,13528,0.0336834
DM,Dominica,2010,9991.2406088445,18.8,,DMA,Latin America & Caribbean,Roseau,-61.39,15.2976,Upper middle income,Blend,DMA,13536,0.028314
DO,Dominican Republic,1990,3404.30217098242,60.2,3.465,DOM,Latin America & Caribbean,Santo Domingo,-69.8908,18.479,Upper middle income,IBRD,DOM,1268920,0.0348482
DO,Dominican Republic,2010,10898.5171855406,33.8,2.597,DOM,Latin America & Caribbean,Santo Domingo,-69.8908,18.479,Upper middle income,IBRD,DOM,1839056,0.0254281
EC,Ecuador,1990,4829.41672331633,56.9,3.767,ECU,Latin America & Caribbean,Quito,-78.5243,-0.229498,Upper middle income,IBRD,ECU,1774552,0.0231004
EC,Ecuador,2010,9163.15913647781,25.2,2.656,ECU,Latin America & Caribbean,Quito,-78.5243,-0.229498,Upper middle income,IBRD,ECU,2747366,0.0184087
EG,"Egypt, Arab Rep.",1990,3819.28637022443,85.9,4.663,EGY,Middle East & North Africa,Cairo,31.2461,30.0982,Lower middle income,IBRD,,,
EG,"Egypt, Arab Rep.",2010,9658.06521473712,29,3.185,EGY,Middle East & North Africa,Cairo,31.2461,30.0982,Lower middle income,IBRD,,,
SV,El Salvador,1990,2927.75083367125,59.4,3.964,SLV,Latin America & Caribbean,San Salvador,-89.2073,13.7034,Lower middle income,IBRD,SLV,878811,0.0221709
SV,El Salvador,2010,7152.20492482057,20,2.265,SLV,Latin America & Caribbean,San Salvador,-89.2073,13.7034,Lower middle income,IBRD,SLV,1194261,0.0168461
GQ,Equatorial Guinea,1990,646.012805351637,189.5,5.987,GNQ,Sub-Saharan Africa,Malabo,8.7741,3.7523,High income,IBRD,GNQ,68867,0.0823796
GQ,Equatorial Guinea,2010,33041.1883529952,110.9,5.209,GNQ,Sub-Saharan Africa,Malabo,8.7741,3.7523,High income,IBRD,GNQ,111291,0.0667135
ER,Eritrea,1990,,151.4,6.387,ERI,Sub-Saharan Africa,Asmara,38.9183,15.3315,Low income,IDA,ERI,476501,0.0800252
ER,Eritrea,2010,1387.71466344319,55.6,4.605,ERI,Sub-Saharan Africa,Asmara,38.9183,15.3315,Low income,IDA,ERI,988106,0.0520281
EE,Estonia,1990,,20.2,2.05,EST,Europe & Central Asia,Tallinn,24.7586,59.4392,High income,Not classified,EST,280205,0.0519832
EE,Estonia,2010,21623.4496624486,4.6,1.72,EST,Europe & Central Asia,Tallinn,24.7586,59.4392,High income,Not classified,EST,240767,0.0396394
ET,Ethiopia,1990,421.378823580782,204.6,7.246,ETH,Sub-Saharan Africa,Addis ababa,38.7468,9.02274,Low income,IDA,ETH,7625655,0.0622342
ET,Ethiopia,2010,1052.10426150867,75.7,4.924,ETH,Sub-Saharan Africa,Addis ababa,38.7468,9.02274,Low income,IDA,ETH,137e5,0.0457396
FJ,Fiji,1990,3807.73543300453,29.8,3.398,FJI,East Asia & Pacific,Suva,178.399,-18.1149,Lower middle income,IBRD,FJI,133544,0.0390113
FJ,Fiji,2010,7203.36569339968,23.9,2.669,FJI,East Asia & Pacific,Suva,178.399,-18.1149,Lower middle income,IBRD,FJI,159746,0.0304561
FI,Finland,1990,18148.2854091483,6.7,1.78,FIN,Europe & Central Asia,Helsinki,24.9525,60.1608,High income,Not classified,FIN,956735,0.011379
FI,Finland,2010,38812.3188865779,3,1.87,FIN,Europe & Central Asia,Helsinki,24.9525,60.1608,High income,Not classified,FIN,817073,0.0082305
FR,France,1990,17640.6612717007,9,1.77,FRA,Europe & Central Asia,Paris,2.35097,48.8566,High income,Not classified,FRA,106e5,0.0183431
FR,France,2010,36026.982564473,4.3,2.03,FRA,Europe & Central Asia,Paris,2.35097,48.8566,High income,Not classified,FRA,102e5,0.0137067
PF,French Polynesia,1990,,,3.401,PYF,East Asia & Pacific,Papeete,-149.57,-17.535,High income,Not classified,,,
PF,French Polynesia,2010,,,2.11,PYF,East Asia & Pacific,Papeete,-149.57,-17.535,High income,Not classified,,,
GA,Gabon,1990,12603.959619176,92.9,5.421,GAB,Sub-Saharan Africa,Libreville,9.45162,0.38832,Upper middle income,IBRD,GAB,150056,0.1161856
GA,Gabon,2010,15045.1636097952,63.3,4.083,GAB,Sub-Saharan Africa,Libreville,9.45162,0.38832,Upper middle income,IBRD,GAB,270331,0.0746404
GM,"Gambia, The",1990,980.464167917719,170.2,6.107,GMB,Sub-Saharan Africa,Banjul,-16.5885,13.4495,Low income,IDA,,,
GM,"Gambia, The",2010,1622.24895235482,81.4,5.707,GMB,Sub-Saharan Africa,Banjul,-16.5885,13.4495,Low income,IDA,,,
GE,Georgia,1990,5174.86822893522,47.7,2.18,GEO,Europe & Central Asia,Tbilisi,44.793,41.71,Lower middle income,Blend,GEO,1017993,0.0459319
GE,Georgia,2010,6597.56854892246,16.6,1.918,GEO,Europe & Central Asia,Tbilisi,44.793,41.71,Lower middle income,Blend,GEO,796644,0.0374726
DE,Germany,1990,19421.7661386233,8.5,1.45,DEU,Europe & Central Asia,Berlin,13.4115,52.5235,High income,Not classified,DEU,145e5,0.0156369
DE,Germany,2010,39263.1877913261,4.2,1.39,DEU,Europe & Central Asia,Berlin,13.4115,52.5235,High income,Not classified,DEU,132e5,0.0133696
GH,Ghana,1990,1240.69873117891,127.4,5.602,GHA,Sub-Saharan Africa,Accra,-0.20795,5.57045,Lower middle income,IDA,GHA,2305740,0.0792715
GH,Ghana,2010,2997.5259544255,74.7,4.273,GHA,Sub-Saharan Africa,Accra,-0.20795,5.57045,Lower middle income,IDA,GHA,4240320,0.0574617
GI,Gibraltar,1990,,,,GIB,Europe & Central Asia,,,,High income,Not classified,,,
GI,Gibraltar,2010,,,,GIB,Europe & Central Asia,,,,High income,Not classified,,,
GR,Greece,1990,13290.1818315717,12.6,1.39,GRC,Europe & Central Asia,Athens,23.7166,37.9792,High income,Not classified,GRC,1780389,0.0171509
GR,Greece,2010,28202.8333605299,4.7,1.48,GRC,Europe & Central Asia,Athens,23.7166,37.9792,High income,Not classified,GRC,1991775,0.013005
GL,Greenland,1990,,,2.444,GRL,Europe & Central Asia,Nuuk,-51.7214,64.1836,High income,Not classified,,,
GL,Greenland,2010,,,2.195,GRL,Europe & Central Asia,Nuuk,-51.7214,64.1836,High income,Not classified,,,
GD,Grenada,1990,4680.4590580767,23.3,3.842,GRD,Latin America & Caribbean,Saint George's,-61.7449,12.0653,Upper middle income,Blend,GRD,14536,0.0340762
GD,Grenada,2010,10951.8841081545,13.2,2.24,GRD,Latin America & Caribbean,Saint George's,-61.7449,12.0653,Upper middle income,Blend,GRD,19806,0.0220233
GU,Guam,1990,,,3.013,GUM,East Asia & Pacific,Agana,144.794,13.4443,High income,Not classified,,,
GU,Guam,2010,,,2.472,GUM,East Asia & Pacific,Agana,144.794,13.4443,High income,Not classified,,,
GT,Guatemala,1990,3296.80212677172,80.9,5.437,GTM,Latin America & Caribbean,Guatemala City,-90.5328,14.6248,Lower middle income,IBRD,GTM,1334398,0.0440989
GT,Guatemala,2010,6578.24729507297,34.5,3.375,GTM,Latin America & Caribbean,Guatemala City,-90.5328,14.6248,Lower middle income,IBRD,GTM,2489109,0.0362657
GN,Guinea,1990,726.427246791612,238.2,6.598,GIN,Sub-Saharan Africa,Conakry,-13.7,9.51667,Low income,IDA,GIN,882875,0.1238021
GN,Guinea,2010,1170.27669394097,111.9,5.336,GIN,Sub-Saharan Africa,Conakry,-13.7,9.51667,Low income,IDA,GIN,1596166,0.0991304
GW,Guinea-Bissau,1990,1014.97141309245,229.3,6.627,GNB,Sub-Saharan Africa,Bissau,-15.1804,11.8037,Low income,IDA,GNB,152904,0.1102742
GW,Guinea-Bissau,2010,1365.14795741253,115.9,5.049,GNB,Sub-Saharan Africa,Bissau,-15.1804,11.8037,Low income,IDA,GNB,253416,0.0763432
GY,Guyana,1990,1833.88089978844,60.4,3.069,GUY,Latin America & Caribbean,Georgetown,-58.1548,6.80461,Lower middle income,IDA,GUY,141994,0.0280119
GY,Guyana,2010,5717.7597725588,41.5,2.655,GUY,Latin America & Caribbean,Georgetown,-58.1548,6.80461,Lower middle income,IDA,GUY,137436,0.0209506
HT,Haiti,1990,,145.8,5.43,HTI,Latin America & Caribbean,Port-au-Prince,-72.3288,18.5392,Low income,IDA,HTI,1165516,0.0524379
HT,Haiti,2010,1471.64864918954,208.8,3.325,HTI,Latin America & Caribbean,Port-au-Prince,-72.3288,18.5392,Low income,IDA,HTI,1830740,0.0387004
HN,Honduras,1990,2049.95599314306,58.2,5.139,HND,Latin America & Caribbean,Tegucigalpa,-87.4667,15.1333,Lower middle income,IDA,HND,771005,0.0311732
HN,Honduras,2010,3890.85140670074,24.4,2.871,HND,Latin America & Caribbean,Tegucigalpa,-87.4667,15.1333,Lower middle income,IDA,HND,1388245,0.024991
HK,"Hong Kong SAR, China",1990,17434.3572392088,,1.272,HKG,East Asia & Pacific,,114.109,22.3964,High income,Not classified,,,
HK,"Hong Kong SAR, China",2010,47134.5689688841,,1.127,HKG,East Asia & Pacific,,114.109,22.3964,High income,Not classified,,,
HU,Hungary,1990,,19.1,1.87,HUN,Europe & Central Asia,Budapest,19.0408,47.4984,High income,Not classified,HUN,1812097,0.044561
HU,Hungary,2010,21466.5742153699,6.6,1.25,HUN,Europe & Central Asia,Budapest,19.0408,47.4984,High income,Not classified,HUN,1790311,0.0342496
IS,Iceland,1990,22129.1680202186,6.4,2.3,ISL,Europe & Central Asia,Reykjavik,-21.8952,64.1353,High income,Not classified,ISL,48394,0.0149704
IS,Iceland,2010,38410.6693030689,2.4,2.2,ISL,Europe & Central Asia,Reykjavik,-21.8952,64.1353,High income,Not classified,ISL,55438,0.0112544
IN,India,1990,1134.22227443449,125.8,4.045,IND,South Asia,New Delhi,77.225,28.6353,Lower middle income,Blend,IND,147e6,0.0401514
IN,India,2010,4315.59602443676,59.9,2.601,IND,South Asia,New Delhi,77.225,28.6353,Lower middle income,Blend,IND,226e6,0.0257712
ID,Indonesia,1990,2989.53414981725,84.7,3.122,IDN,East Asia & Pacific,Jakarta,106.83,-6.19752,Lower middle income,IBRD,IDN,328e5,0.0495621
ID,Indonesia,2010,8262.89926894218,33.1,2.483,IDN,East Asia & Pacific,Jakarta,106.83,-6.19752,Lower middle income,IBRD,IDN,496e5,0.0399156
IR,"Iran, Islamic Rep.",1990,6568.91878476226,57.5,4.818,IRN,Middle East & North Africa,Tehran,51.4447,35.6878,Upper middle income,IBRD,,,
IR,"Iran, Islamic Rep.",2010,17090.7746498604,19.2,1.765,IRN,Middle East & North Africa,Tehran,51.4447,35.6878,Upper middle income,IBRD,,,
IQ,Iraq,1990,7446.87513440764,54.1,5.882,IRQ,Middle East & North Africa,Baghdad,44.394,33.3302,Lower middle income,IBRD,IRQ,2628040,0.0333426
IQ,Iraq,2010,12460.3379670716,36.6,4.562,IRQ,Middle East & North Africa,Baghdad,44.394,33.3302,Lower middle income,IBRD,IRQ,5295070,0.0326008
IE,Ireland,1990,13734.5348733387,9.2,2.11,IRL,Europe & Central Asia,Dublin,-6.26749,53.3441,High income,Not classified,IRL,613993,0.0150831
IE,Ireland,2010,43221.4598419647,4.2,2.05,IRL,Europe & Central Asia,Dublin,-6.26749,53.3441,High income,Not classified,IRL,842869,0.0117418
IM,Isle of Man,1990,,,,IMN,Europe & Central Asia,Douglas,-4.47928,54.1509,High income,Not classified,,,
IM,Isle of Man,2010,,,,IMN,Europe & Central Asia,Douglas,-4.47928,54.1509,High income,Not classified,,,
IL,Israel,1990,13395.0802019035,11.6,2.824,ISR,Middle East & North Africa,,35.2035,31.7717,High income,Not classified,ISR,790841,0.0138874
IL,Israel,2010,28856.1027382105,4.6,3.03,ISR,Middle East & North Africa,,35.2035,31.7717,High income,Not classified,ISR,1289316,0.0103504
IT,Italy,1990,18546.2273919281,9.7,1.33,ITA,Europe & Central Asia,Rome,12.4823,41.8955,High income,Not classified,ITA,104e5,0.0158991
IT,Italy,2010,35075.7532036536,4,1.46,ITA,Europe & Central Asia,Rome,12.4823,41.8955,High income,Not classified,ITA,101e5,0.0134608
JM,Jamaica,1990,4709.30383542814,30.6,2.947,JAM,Latin America & Caribbean,Kingston,-76.792,17.9927,Upper middle income,IBRD,JAM,423054,0.0328622
JM,Jamaica,2010,7834.75403372656,18.1,2.173,JAM,Latin America & Caribbean,Kingston,-76.792,17.9927,Upper middle income,IBRD,JAM,504850,0.0298758
JP,Japan,1990,19454.4241242975,6.3,1.54,JPN,East Asia & Pacific,Tokyo,139.77,35.67,High income,Not classified,JPN,218e5,0.0211152
JP,Japan,2010,34996.3244625316,3.2,1.39,JPN,East Asia & Pacific,Tokyo,139.77,35.67,High income,Not classified,JPN,201e5,0.0175965
JO,Jordan,1990,4061.06210339609,36.6,5.488,JOR,Middle East & North Africa,Amman,35.9263,31.9497,Upper middle income,IBRD,JOR,446547,0.0253374
JO,Jordan,2010,9281.11613501496,20.8,3.663,JOR,Middle East & North Africa,Amman,35.9263,31.9497,Upper middle income,IBRD,JOR,1126787,0.0210932
KZ,Kazakhstan,1990,8434.96062741282,52.6,2.72,KAZ,Europe & Central Asia,Astana,71.4382,51.1879,Upper middle income,IBRD,KAZ,3129493,0.0427727
KZ,Kazakhstan,2010,19690.3849700207,21.6,2.6,KAZ,Europe & Central Asia,Astana,71.4382,51.1879,Upper middle income,IBRD,KAZ,3179008,0.0313801
KE,Kenya,1990,1538.53748783542,102.3,6.066,KEN,Sub-Saharan Africa,Nairobi,36.8126,-1.27975,Low income,IDA,KEN,3500869,0.0460214
KE,Kenya,2010,2425.76061730584,62.1,4.373,KEN,Sub-Saharan Africa,Nairobi,36.8126,-1.27975,Low income,IDA,KEN,7020201,0.02707
KI,Kiribati,1990,1267.53711429538,96,4.688,KIR,East Asia & Pacific,Tarawa,172.979,1.32905,Lower middle income,IDA,KIR,13990,0.0411853
KI,Kiribati,2010,1696.51197430927,62.9,3.843,KIR,East Asia & Pacific,Tarawa,172.979,1.32905,Lower middle income,IDA,KIR,19704,0.0337729
KR,"Korea, Rep.",1990,8276.03495903337,7.1,1.57,KOR,East Asia & Pacific,Seoul,126.957,37.5323,High income,IBRD,,,
KR,"Korea, Rep.",2010,30376.8718192526,4.1,1.226,KOR,East Asia & Pacific,Seoul,126.957,37.5323,High income,IBRD,,,
KW,Kuwait,1990,,17.9,2.967,KWT,Middle East & North Africa,Kuwait City,47.9824,29.3721,High income,Not classified,KWT,399765,0.0309698
KW,Kuwait,2010,73682.8683779231,10.8,2.215,KWT,Middle East & North Africa,Kuwait City,47.9824,29.3721,High income,Not classified,KWT,517244,0.0246602
KG,Kyrgyz Republic,1990,2245.79271450972,65,3.63,KGZ,Europe & Central Asia,Bishkek,74.6057,42.8851,Low income,IDA,,,
KG,Kyrgyz Republic,2010,2733.72933718566,30,3.1,KGZ,Europe & Central Asia,Bishkek,74.6057,42.8851,Low income,IDA,,,
LA,Lao PDR,1990,1042.39157624553,162.4,6.151,LAO,East Asia & Pacific,Vientiane,102.177,18.5826,Lower middle income,IDA,,,
LA,Lao PDR,2010,3902.92135634158,79.7,3.149,LAO,East Asia & Pacific,Vientiane,102.177,18.5826,Lower middle income,IDA,,,
LV,Latvia,1990,,20.4,2.02,LVA,Europe & Central Asia,Riga,24.1048,56.9465,Upper middle income,Not classified,LVA,468815,0.0452726
LV,Latvia,2010,17592.6279271219,9.4,1.36,LVA,Europe & Central Asia,Riga,24.1048,56.9465,Upper middle income,Not classified,LVA,411264,0.0353908
LB,Lebanon,1990,5080.25869125864,32.5,3.002,LBN,Middle East & North Africa,Beirut,35.5134,33.8872,Upper middle income,IBRD,LBN,555461,0.0361213
LB,Lebanon,2010,15951.95653271,10.1,1.614,LBN,Middle East & North Africa,Beirut,35.5134,33.8872,Upper middle income,IBRD,LBN,868531,0.028634
LS,Lesotho,1990,891.945312478583,88.1,4.919,LSO,Sub-Saharan Africa,Maseru,27.7167,-29.5208,Lower middle income,IDA,LSO,268735,0.0641986
LS,Lesotho,2010,2326.6560624217,100.7,3.303,LSO,Sub-Saharan Africa,Maseru,27.7167,-29.5208,Lower middle income,IDA,LSO,387135,0.0344481
LR,Liberia,1990,,255,6.499,LBR,Sub-Saharan Africa,Monrovia,-10.7957,6.30039,Low income,IDA,LBR,330267,0.1110659
LR,Liberia,2010,685.500686062562,89.3,5.023,LBR,Sub-Saharan Africa,Monrovia,-10.7957,6.30039,Low income,IDA,LBR,661929,0.08314
LY,Libya,1990,,41.6,4.966,LBY,Middle East & North Africa,Tripoli,13.1072,32.8578,Upper middle income,IBRD,,,
LY,Libya,2010,29030.8433822135,16.6,2.412,LBY,Middle East & North Africa,Tripoli,13.1072,32.8578,Upper middle income,IBRD,,,
LI,Liechtenstein,1990,,,,LIE,Europe & Central Asia,Vaduz,9.52148,47.1411,High income,Not classified,,,
LI,Liechtenstein,2010,,,1.4,LIE,Europe & Central Asia,Vaduz,9.52148,47.1411,High income,Not classified,,,
LT,Lithuania,1990,,16.5,2.03,LTU,Europe & Central Asia,Vilnius,25.2799,54.6896,Upper middle income,Not classified,LTU,673391,0.0495006
LT,Lithuania,2010,20129.6880341734,6.7,1.5,LTU,Europe & Central Asia,Vilnius,25.2799,54.6896,Upper middle income,Not classified,LTU,601830,0.0386997
LU,Luxembourg,1990,30955.1837070364,8.8,1.6,LUX,Europe & Central Asia,Luxembourg,6.1296,49.61,High income,Not classified,LUX,74231,0.0176162
LU,Luxembourg,2010,85779.0824032048,2.4,1.63,LUX,Europe & Central Asia,Luxembourg,6.1296,49.61,High income,Not classified,LUX,92117,0.0145044
MO,"Macao SAR, China",1990,26089.6727833266,,1.722,MAC,East Asia & Pacific,,113.55,22.1667,High income,Not classified,,,
MO,"Macao SAR, China",2010,96198.2410025704,,1.061,MAC,East Asia & Pacific,,113.55,22.1667,High income,Not classified,,,
MK,"Macedonia, FYR",1990,5255.56749954389,36.6,2.206,MKD,Europe & Central Asia,Skopje,21.4361,42.0024,Upper middle income,IBRD,,,
MK,"Macedonia, FYR",2010,11295.6418211168,9.9,1.465,MKD,Europe & Central Asia,Skopje,21.4361,42.0024,Upper middle income,IBRD,,,
MG,Madagascar,1990,1068.49121933808,160.7,6.179,MDG,Sub-Saharan Africa,Antananarivo,45.7167,-20.4667,Low income,IDA,MDG,1771809,0.0615387
MG,Madagascar,2010,1357.65456267808,60.3,4.603,MDG,Sub-Saharan Africa,Antananarivo,45.7167,-20.4667,Low income,IDA,MDG,3366481,0.0447035
MW,Malawi,1990,480.999162177023,242.4,6.922,MWI,Sub-Saharan Africa,Lilongwe,33.7703,-13.9899,Low income,IDA,MWI,1558417,0.0750908
MW,Malawi,2010,1012.06745790371,90.9,5.308,MWI,Sub-Saharan Africa,Lilongwe,33.7703,-13.9899,Low income,IDA,MWI,2263163,0.0479302
MY,Malaysia,1990,6819.84179590104,16.6,3.554,MYS,East Asia & Pacific,Kuala Lumpur,101.684,3.12433,Upper middle income,IBRD,MYS,3394366,0.0371027
MY,Malaysia,2010,20680.3207584478,8,2.149,MYS,East Asia & Pacific,Kuala Lumpur,101.684,3.12433,Upper middle income,IBRD,MYS,5282778,0.0256657
MV,Maldives,1990,,94.1,5.993,MDV,South Asia,Male,73.5109,4.1742,Upper middle income,IDA,MDV,30633,0.0633606
MV,Maldives,2010,10301.7057528176,13,2.229,MDV,South Asia,Male,73.5109,4.1742,Upper middle income,IDA,MDV,69409,0.0609903
ML,Mali,1990,822.002532966845,254.4,7.165,MLI,Sub-Saharan Africa,Bamako,-7.50034,13.5667,Low income,IDA,MLI,1282209,0.103614
ML,Mali,2010,1834.11705927596,136.6,6.547,MLI,Sub-Saharan Africa,Bamako,-7.50034,13.5667,Low income,IDA,MLI,2445561,0.0839172
MT,Malta,1990,9337.88941759698,11.3,2.04,MLT,Middle East & North Africa,Valletta,14.5189,35.9042,High income,Not classified,MLT,72947,0.0167042
MT,Malta,2010,27862.8507509239,6.7,1.36,MLT,Middle East & North Africa,Valletta,14.5189,35.9042,High income,Not classified,MLT,71143,0.0111209
MH,Marshall Islands,1990,1865.02747468384,50.3,,MHL,East Asia & Pacific,Majuro,171.135,7.11046,Lower middle income,IDA,MHL,9210,0.041688
MH,Marshall Islands,2010,3381.54050062867,39.1,,MHL,East Asia & Pacific,Majuro,171.135,7.11046,Lower middle income,IDA,MHL,10696,0.0388398
MR,Mauritania,1990,1814.08481133947,118.1,6.04,MRT,Sub-Saharan Africa,Nouakchott,-15.9824,18.2367,Lower middle income,IDA,MRT,315218,0.0830751
MR,Mauritania,2010,3249.87692872441,97.8,4.983,MRT,Sub-Saharan Africa,Nouakchott,-15.9824,18.2367,Lower middle income,IDA,MRT,610037,0.0619216
MU,Mauritius,1990,4774.34866917598,23.1,2.32,MUS,Sub-Saharan Africa,Port Louis,57.4977,-20.1605,Upper middle income,IBRD,MUS,218736,0.0578272
MU,Mauritius,2010,15616.0068425246,15.2,1.57,MUS,Sub-Saharan Africa,Port Louis,57.4977,-20.1605,Upper middle income,IBRD,MUS,254574,0.039315
MX,Mexico,1990,6036.99959118265,46.6,3.47,MEX,Latin America & Caribbean,Mexico City,-99.1276,19.427,Upper middle income,IBRD,MEX,146e5,0.0232335
MX,Mexico,2010,14764.8100317733,16.8,2.341,MEX,Latin America & Caribbean,Mexico City,-99.1276,19.427,Upper middle income,IBRD,MEX,222e5,0.018803
FM,"Micronesia, Fed. Sts.",1990,1785.85372967711,55.6,4.958,FSM,East Asia & Pacific,Palikir,158.185,6.91771,Lower middle income,IDA,,,
FM,"Micronesia, Fed. Sts.",2010,3269.73600894062,40.7,3.46,FSM,East Asia & Pacific,Palikir,158.185,6.91771,Lower middle income,IDA,,,
MD,Moldova,1990,,33.1,2.414,MDA,Europe & Central Asia,Chisinau,28.8497,47.0167,Lower middle income,IDA,MDA,822914,0.0527098
MD,Moldova,2010,3831.74918707843,17.2,1.274,MDA,Europe & Central Asia,Chisinau,28.8497,47.0167,Lower middle income,IDA,MDA,676652,0.0358412
MC,Monaco,1990,,7.8,,MCO,Europe & Central Asia,Monaco,7.41891,43.7325,High income,Not classified,,,
MC,Monaco,2010,,4,,MCO,Europe & Central Asia,Monaco,7.41891,43.7325,High income,Not classified,,,
MN,Mongolia,1990,3310.8614252155,107.8,4.052,MNG,East Asia & Pacific,Ulaanbaatar,106.937,47.9129,Lower middle income,IDA,MNG,367975,0.0500481
MN,Mongolia,2010,7552.66557260908,30,2.637,MNG,East Asia & Pacific,Ulaanbaatar,106.937,47.9129,Lower middle income,IDA,MNG,601551,0.0461566
ME,Montenegro,1990,,16.6,2.078,MNE,Europe & Central Asia,Podgorica,19.2595,42.4602,Upper middle income,IBRD,MNE,111382,0.0459728
ME,Montenegro,2010,13661.3695281813,6.8,1.767,MNE,Europe & Central Asia,Podgorica,19.2595,42.4602,Upper middle income,IBRD,MNE,114758,0.0339034
MA,Morocco,1990,2528.458556106,80.1,4.057,MAR,Middle East & North Africa,Rabat,-6.8704,33.9905,Lower middle income,IBRD,MAR,4293180,0.0323681
MA,Morocco,2010,6312.91542734005,33.1,2.578,MAR,Middle East & North Africa,Rabat,-6.8704,33.9905,Lower middle income,IBRD,MAR,6609684,0.0284584
MZ,Mozambique,1990,244.659208094923,239.7,6.211,MOZ,Sub-Saharan Africa,Maputo,32.5713,-25.9664,Low income,IDA,MOZ,2081245,0.1122769
MZ,Mozambique,2010,899.198728120615,102.8,5.562,MOZ,Sub-Saharan Africa,Maputo,32.5713,-25.9664,Low income,IDA,MOZ,3886343,0.0862297
MM,Myanmar,1990,480.206636903751,109.9,3.455,MMR,East Asia & Pacific,Naypyidaw,95.9562,21.914,Low income,IDA,MMR,7158896,0.0450091
MM,Myanmar,2010,3645.93643504092,59.3,2.41,MMR,East Asia & Pacific,Naypyidaw,95.9562,21.914,Low income,IDA,MMR,101e5,0.0400692
,Namibia,1990,3696.56090957585,73.5,5.227,NAM,Sub-Saharan Africa,Windhoek,17.0931,-22.5648,Upper middle income,IBRD,NAM,234792,0.0401683
,Namibia,2010,8289.69602705332,53.8,3.605,NAM,Sub-Saharan Africa,Windhoek,17.0931,-22.5648,Upper middle income,IBRD,NAM,413067,0.0234223
NP,Nepal,1990,774.273246731998,140.7,5.172,NPL,South Asia,Kathmandu,85.3157,27.6939,Low income,IDA,NPL,3017931,0.0378527
NP,Nepal,2010,1945.80668141075,45.4,2.606,NPL,South Asia,Kathmandu,85.3157,27.6939,Low income,IDA,NPL,5504228,0.0290763
NL,Netherlands,1990,18899.8206037276,8.3,1.62,NLD,Europe & Central Asia,Amsterdam,4.89095,52.3738,High income,Not classified,NLD,2977799,0.0170994
NL,Netherlands,2010,44585.5262255452,4.4,1.79,NLD,Europe & Central Asia,Amsterdam,4.89095,52.3738,High income,Not classified,NLD,2701428,0.0137139
NC,New Caledonia,1990,,,3.19,NCL,East Asia & Pacific,Noum'ea,166.464,-22.2677,High income,Not classified,,,
NC,New Caledonia,2010,,,2.17,NCL,East Asia & Pacific,Noum'ea,166.464,-22.2677,High income,Not classified,,,
NZ,New Zealand,1990,14872.0180632281,11.2,2.18,NZL,East Asia & Pacific,Wellington,174.776,-41.2865,High income,Not classified,NZL,661955,0.0199934
NZ,New Zealand,2010,31263.7857861676,6.2,2.17,NZL,East Asia & Pacific,Wellington,174.776,-41.2865,High income,Not classified,NZL,759593,0.0155969
NI,Nicaragua,1990,1941.27358414488,66.9,4.597,NIC,Latin America & Caribbean,Managua,-86.2734,12.1475,Lower middle income,IDA,NIC,638056,0.0250313
NI,Nicaragua,2010,3947.21676586778,26.1,2.428,NIC,Latin America & Caribbean,Managua,-86.2734,12.1475,Lower middle income,IDA,NIC,1100139,0.0203283
NE,Niger,1990,577.984104872672,328.2,7.772,NER,Sub-Saharan Africa,Niamey,2.1073,13.514,Low income,IDA,NER,1213801,0.0964191
NE,Niger,2010,797.511741535431,123.6,7.487,NER,Sub-Saharan Africa,Niamey,2.1073,13.514,Low income,IDA,NER,2305348,0.0790879
NG,Nigeria,1990,1965.82799564736,212.5,6.49,NGA,Sub-Saharan Africa,Abuja,7.48906,9.05804,Lower middle income,IDA,NGA,149e5,0.1089962
NG,Nigeria,2010,5045.9781670335,130.3,5.839,NGA,Sub-Saharan Africa,Abuja,7.48906,9.05804,Lower middle income,IDA,NGA,257e5,0.0747161
MP,Northern Mariana Islands,1990,,,,MNP,East Asia & Pacific,Saipan,145.765,15.1935,High income,Not classified,,,
MP,Northern Mariana Islands,2010,,,,MNP,East Asia & Pacific,Saipan,145.765,15.1935,High income,Not classified,,,
NO,Norway,1990,18431.3122880029,8.7,1.93,NOR,Europe & Central Asia,Oslo,10.7387,59.9138,High income,Not classified,NOR,778370,0.0129902
NO,Norway,2010,57995.8601888632,3.2,1.95,NOR,Europe & Central Asia,Oslo,10.7387,59.9138,High income,Not classified,NOR,809932,0.0098605
OM,Oman,1990,22648.6754265365,39.4,7.165,OMN,Middle East & North Africa,Muscat,58.5874,23.6105,High income,Not classified,OMN,236780,0.0352954
OM,Oman,2010,44417.7680564443,11.7,2.901,OMN,Middle East & North Africa,Muscat,58.5874,23.6105,High income,Not classified,OMN,502377,0.0236856
PK,Pakistan,1990,1974.51729399558,138.6,6.024,PAK,South Asia,Islamabad,72.8,30.5167,Lower middle income,Blend,PAK,17e6,0.0564759
PK,Pakistan,2010,4196.95580923862,91.8,3.855,PAK,South Asia,Islamabad,72.8,30.5167,Lower middle income,Blend,PAK,314e5,0.0442236
PW,Palau,1990,,36.1,2.84,PLW,East Asia & Pacific,Koror,134.479,7.34194,Upper middle income,IBRD,,,
PW,Palau,2010,12157.3000958188,19.4,,PLW,East Asia & Pacific,Koror,134.479,7.34194,Upper middle income,IBRD,,,
PA,Panama,1990,5051.53376684478,30.9,3.057,PAN,Latin America & Caribbean,Panama City,-79.5188,8.99427,Upper middle income,IBRD,PAN,439797,0.0237914
PA,Panama,2010,15107.4294780668,19.8,2.622,PAN,Latin America & Caribbean,Panama City,-79.5188,8.99427,Upper middle income,IBRD,PAN,664841,0.0194705
PG,Papua New Guinea,1990,1001.11835215985,89.4,4.802,PNG,East Asia & Pacific,Port Moresby,147.194,-9.47357,Lower middle income,Blend,PNG,676209,0.060082000000000003
PG,Papua New Guinea,2010,2044.84899134939,66.1,3.985,PNG,East Asia & Pacific,Port Moresby,147.194,-9.47357,Lower middle income,Blend,PNG,1209857,0.0519403
PY,Paraguay,1990,3901.57169991159,46.5,4.547,PRY,Latin America & Caribbean,Asuncion,-57.6362,-25.3005,Lower middle income,IBRD,PRY,703802,0.033402
PY,Paraguay,2010,7142.05703875154,24.1,2.73,PRY,Latin America & Caribbean,Asuncion,-57.6362,-25.3005,Lower middle income,IBRD,PRY,1170324,0.0243134
PE,Peru,1990,3433.76363438188,79.7,3.828,PER,Latin America & Caribbean,Lima,-77.0465,-12.0931,Upper middle income,IBRD,PER,3770586,0.0170311
PE,Peru,2010,9755.14914796834,21,2.545,PER,Latin America & Caribbean,Lima,-77.0465,-12.0931,Upper middle income,IBRD,PER,5543150,0.0130366
PH,Philippines,1990,2591.92658615797,58.2,4.32,PHL,East Asia & Pacific,Manila,121.035,14.5515,Lower middle income,IBRD,PHL,106e5,0.0381893
PH,Philippines,2010,5483.62075662392,31.9,3.158,PHL,East Asia & Pacific,Manila,121.035,14.5515,Lower middle income,IBRD,PHL,169e5,0.0334573
PL,Poland,1990,6175.23010538164,17.3,2.06,POL,Europe & Central Asia,Warsaw,21.02,52.26,High income,IBRD,POL,7099019,0.0395704
PL,Poland,2010,21089.0110793747,5.8,1.41,POL,Europe & Central Asia,Warsaw,21.02,52.26,High income,IBRD,POL,7055315,0.0293017
PT,Portugal,1990,11762.110073811,14.7,1.56,PRT,Europe & Central Asia,Lisbon,-9.13552,38.7072,High income,Not classified,PRT,1764646,0.0192544
PT,Portugal,2010,27360.9611166887,3.9,1.39,PRT,Europe & Central Asia,Lisbon,-9.13552,38.7072,High income,Not classified,PRT,1886590,0.0136062
PR,Puerto Rico,1990,16336.2069717835,,2.219,PRI,Latin America & Caribbean,San Juan,-66,18.23,High income,Not classified,PRI,670622,0.0304277
PR,Puerto Rico,2010,33756.8159328219,,1.6235,PRI,Latin America & Caribbean,San Juan,-66,18.23,High income,Not classified,PRI,677170,0.0222668
QA,Qatar,1990,,20.8,4.013,QAT,Middle East & North Africa,Doha,51.5082,25.2948,High income,Not classified,QAT,63967,0.0321145
QA,Qatar,2010,122609.410776499,9,2.07,QAT,Middle East & North Africa,Doha,51.5082,25.2948,High income,Not classified,QAT,230487,0.0215922
RO,Romania,1990,5258.96909471748,37.7,1.83,ROU,Europe & Central Asia,Bucharest,26.0979,44.4479,Upper middle income,IBRD,ROU,4059711,0.0421737
RO,Romania,2010,17180.5104677973,13.9,1.59,ROU,Europe & Central Asia,Bucharest,26.0979,44.4479,Upper middle income,IBRD,ROU,4208905,0.0321758
RU,Russian Federation,1990,8012.80231687333,26,1.892,RUS,Europe & Central Asia,Moscow,37.6176,55.7558,Upper middle income,IBRD,RUS,278e5,0.0470266
RU,Russian Federation,2010,20497.934076089,12,1.567,RUS,Europe & Central Asia,Moscow,37.6176,55.7558,Upper middle income,IBRD,RUS,277e5,0.0318621
RW,Rwanda,1990,559.001546316668,151.8,7.184,RWA,Sub-Saharan Africa,Kigali,30.0587,-1.95325,Low income,IDA,RWA,1071891,0.0299938
RW,Rwanda,2010,1325.78162054261,64.1,4.515,RWA,Sub-Saharan Africa,Kigali,30.0587,-1.95325,Low income,IDA,RWA,1911103,0.0195954
WS,Samoa,1990,2358.56247871515,31,5.118,WSM,East Asia & Pacific,Apia,-171.752,-13.8314,Lower middle income,IDA,WSM,23710,0.0310483
WS,Samoa,2010,5290.66066310442,18.7,4.338,WSM,East Asia & Pacific,Apia,-171.752,-13.8314,Lower middle income,IDA,WSM,28213,0.0253434
SM,San Marino,1990,,10.9,,SMR,Europe & Central Asia,San Marino,12.4486,43.9322,High income,Not classified,,,
SM,San Marino,2010,,3.5,,SMR,Europe & Central Asia,San Marino,12.4486,43.9322,High income,Not classified,,,
ST,Sao Tome and Principe,1990,,110.7,5.82,STP,Sub-Saharan Africa,Sao Tome,6.6071,0.20618,Lower middle income,IDA,,,
ST,Sao Tome and Principe,2010,2588.07974323712,56.4,4.788,STP,Sub-Saharan Africa,Sao Tome,6.6071,0.20618,Lower middle income,IDA,,,
SA,Saudi Arabia,1990,27441.4361809996,44.3,5.911,SAU,Middle East & North Africa,Riyadh,46.6977,24.6748,High income,Not classified,SAU,2294133,0.0317198
SA,Saudi Arabia,2010,44502.4193075234,17,2.96,SAU,Middle East & North Africa,Riyadh,46.6977,24.6748,High income,Not classified,SAU,5061035,0.0255165
SN,Senegal,1990,1190.54078197363,140.4,6.53,SEN,Sub-Saharan Africa,Dakar,-17.4734,14.7247,Lower middle income,IDA,SEN,1062110,0.0859872
SN,Senegal,2010,2136.48086304583,64.8,5.063,SEN,Sub-Saharan Africa,Dakar,-17.4734,14.7247,Lower middle income,IDA,SEN,2138446,0.068316
RS,Serbia,1990,,28.4,,SRB,Europe & Central Asia,Belgrade,20.4656,44.8024,Upper middle income,IBRD,SRB,1701112,0.0528288
RS,Serbia,2010,12098.7463411209,7.6,1.4,SRB,Europe & Central Asia,Belgrade,20.4656,44.8024,Upper middle income,IBRD,SRB,1744876,0.0384312
SC,Seychelles,1990,9188.61300054011,16.5,,SYC,Sub-Saharan Africa,Victoria,55.4466,-4.6309,Upper middle income,IBRD,SYC,12587,0.0471502
SC,Seychelles,2010,19953.1605009972,14.2,2.1,SYC,Sub-Saharan Africa,Victoria,55.4466,-4.6309,Upper middle income,IBRD,SYC,16508,0.0357581
SL,Sierra Leone,1990,808.288067520116,264.3,6.721,SLE,Sub-Saharan Africa,Freetown,-13.2134,8.4821,Low income,IDA,SLE,683798,0.1332709
SL,Sierra Leone,2010,1192.59655886196,160.2,5.202,SLE,Sub-Saharan Africa,Freetown,-13.2134,8.4821,Low income,IDA,SLE,1023807,0.1050048
SG,Singapore,1990,22194.8873698605,7.7,1.83,SGP,East Asia & Pacific,Singapore,103.85,1.28941,High income,Not classified,SGP,746131,0.0192132
SG,Singapore,2010,70646.8202648274,2.8,1.15,SGP,East Asia & Pacific,Singapore,103.85,1.28941,High income,Not classified,SGP,946395,0.0167893
SX,Sint Maarten (Dutch part),1990,,,,SXM,Latin America & Caribbean,Philipsburg,,,High income,Not classified,,,
SX,Sint Maarten (Dutch part),2010,,,,SXM,Latin America & Caribbean,Philipsburg,,,High income,Not classified,,,
SK,Slovak Republic,1990,,17.7,2.09,SVK,Europe & Central Asia,Bratislava,17.1073,48.1484,High income,Not classified,,,
SK,Slovak Republic,2010,25010.5445790089,8.4,1.43,SVK,Europe & Central Asia,Bratislava,17.1073,48.1484,High income,Not classified,,,
SI,Slovenia,1990,,10.4,1.46,SVN,Europe & Central Asia,Ljubljana,14.5044,46.0546,High income,Not classified,SVN,362168,0.0339787
SI,Slovenia,2010,27792.9779761335,3.3,1.57,SVN,Europe & Central Asia,Ljubljana,14.5044,46.0546,High income,Not classified,SVN,353876,0.0237691
SB,Solomon Islands,1990,1158.63534708848,39.7,5.851,SLB,East Asia & Pacific,Honiara,159.949,-9.42676,Lower middle income,IDA,SLB,46353,0.0528085
SB,Solomon Islands,2010,1746.76515681922,32.1,4.235,SLB,East Asia & Pacific,Honiara,159.949,-9.42676,Lower middle income,IDA,SLB,92254,0.0424329
SO,Somalia,1990,,180.2,7.397,SOM,Sub-Saharan Africa,Mogadishu,45.3254,2.07515,Low income,IDA,SOM,1070210,0.0775041
SO,Somalia,2010,,160.2,6.866,SOM,Sub-Saharan Africa,Mogadishu,45.3254,2.07515,Low income,IDA,SOM,1504497,0.0642903
ZA,South Africa,1990,6397.74171085152,59.9,3.654,ZAF,Sub-Saharan Africa,Pretoria,28.1871,-25.746,Upper middle income,IBRD,ZAF,6505154,0.0438184
ZA,South Africa,2010,11785.6051355226,53.8,2.588,ZAF,Sub-Saharan Africa,Pretoria,28.1871,-25.746,Upper middle income,IBRD,ZAF,9657157,0.0241397
SS,South Sudan,1990,,253.2,6.761,SSD,Sub-Saharan Africa,Juba,31.6,4.85,Not classified,Not classified,,,
SS,South Sudan,2010,3713.25848727013,110.9,5.376,SSD,Sub-Saharan Africa,Juba,31.6,4.85,Not classified,Not classified,,,
ES,Spain,1990,13626.4458519977,11,1.36,ESP,Europe & Central Asia,Madrid,-3.70327,40.4167,High income,Not classified,ESP,6963284,0.0155655
ES,Spain,2010,31984.1552475027,4.6,1.37,ESP,Europe & Central Asia,Madrid,-3.70327,40.4167,High income,Not classified,ESP,8553943,0.0110349
LK,Sri Lanka,1990,2369.18570799747,21.2,2.483,LKA,South Asia,Colombo,79.8528,6.92148,Lower middle income,Blend,LKA,3287496,0.027117
LK,Sri Lanka,2010,8389.99039305163,10.9,2.203,LKA,South Asia,Colombo,79.8528,6.92148,Lower middle income,Blend,LKA,3975404,0.0206614
KN,St. Kitts and Nevis,1990,9259.51272745352,28.4,,KNA,Latin America & Caribbean,Basseterre,-62.7309,17.3,Upper middle income,IBRD,,,
KN,St. Kitts and Nevis,2010,20979.0619772943,12.5,,KNA,Latin America & Caribbean,Basseterre,-62.7309,17.3,Upper middle income,IBRD,,,
LC,St. Lucia,1990,5877.10301967911,22.6,3.399,LCA,Latin America & Caribbean,Castries,-60.9832,14,Upper middle income,Blend,,,
LC,St. Lucia,2010,10622.2894588933,16.1,1.538,LCA,Latin America & Caribbean,Castries,-60.9832,14,Upper middle income,Blend,,,
MF,St. Martin (French part),1990,,,2.12,MAF,Latin America & Caribbean,Marigot,,,High income,Not classified,,,
MF,St. Martin (French part),2010,,,1.82,MAF,Latin America & Caribbean,Marigot,,,High income,Not classified,,,
VC,St. Vincent and the Grenadines,1990,3604.04947447735,24.5,2.956,VCT,Latin America & Caribbean,Kingstown,-61.2653,13.2035,Upper middle income,Blend,,,
VC,St. Vincent and the Grenadines,2010,9714.99907953801,20.8,2.07,VCT,Latin America & Caribbean,Kingstown,-61.2653,13.2035,Upper middle income,Blend,,,
SD,Sudan,1990,1126.84678033842,127.5,6.152,SDN,Sub-Saharan Africa,Khartoum,32.5363,15.5932,Lower middle income,IDA,SDN,4188173,0.0815593
SD,Sudan,2010,3298.00474917495,80.2,4.876,SDN,Sub-Saharan Africa,Khartoum,32.5363,15.5932,Lower middle income,IDA,SDN,7418416,0.0561205
SR,Suriname,1990,6815.59519847733,47.6,3.267,SUR,Latin America & Caribbean,Paramaribo,-55.1679,5.8232,Upper middle income,IBRD,SUR,74816,0.0371145
SR,Suriname,2010,13924.390720947,24.9,2.52,SUR,Latin America & Caribbean,Paramaribo,-55.1679,5.8232,Upper middle income,IBRD,SUR,98754,0.0330256
SZ,Swaziland,1990,3476.08720736784,74.7,5.619,SWZ,Sub-Saharan Africa,Mbabane,31.4659,-26.5225,Lower middle income,IBRD,SWZ,144472,0.044612
SZ,Swaziland,2010,7148.91205344129,88.4,3.527,SWZ,Sub-Saharan Africa,Mbabane,31.4659,-26.5225,Lower middle income,IBRD,SWZ,210251,0.0216955
SE,Sweden,1990,20096.1865746616,6.9,2.13,SWE,Europe & Central Asia,Stockholm,18.0645,59.3327,High income,Not classified,SWE,1482688,0.0137428
SE,Sweden,2010,41667.832085041,3.1,1.98,SWE,Europe & Central Asia,Stockholm,18.0645,59.3327,High income,Not classified,SWE,1503332,0.0109947
CH,Switzerland,1990,27523.764398118,8.2,1.58,CHE,Europe & Central Asia,Bern,7.44821,46.948,High income,Not classified,CHE,1279589,0.0148787
CH,Switzerland,2010,52935.8041360887,4.5,1.52,CHE,Europe & Central Asia,Bern,7.44821,46.948,High income,Not classified,CHE,1329228,0.013816
SY,Syrian Arab Republic,1990,,37.2,5.31,SYR,Middle East & North Africa,Damascus,36.3119,33.5146,Lower middle income,IBRD,SYR,1857064,0.0315052
SY,Syrian Arab Republic,2010,,15.3,3.21,SYR,Middle East & North Africa,Damascus,36.3119,33.5146,Lower middle income,IBRD,SYR,3613925,0.0276662
TJ,Tajikistan,1990,2355.66865523634,108.4,5.226,TJK,Europe & Central Asia,Dushanbe,68.7864,38.5878,Low income,IDA,TJK,861779,0.0457403
TJ,Tajikistan,2010,2063.73041090242,52.6,3.507,TJK,Europe & Central Asia,Dushanbe,68.7864,38.5878,Low income,IDA,TJK,1261274,0.0357848
TZ,Tanzania,1990,951.779533140068,165.2,6.213,TZA,Sub-Saharan Africa,Dodoma,35.7382,-6.17486,Low income,IDA,,,
TZ,Tanzania,2010,2048.29359256743,63.4,5.427,TZA,Sub-Saharan Africa,Dodoma,35.7382,-6.17486,Low income,IDA,,,
TH,Thailand,1990,4298.39893960415,37,2.113,THA,East Asia & Pacific,Bangkok,100.521,13.7308,Upper middle income,IBRD,THA,115e5,0.0257555
TH,Thailand,2010,13213.747749553,14.5,1.547,THA,East Asia & Pacific,Bangkok,100.521,13.7308,Upper middle income,IBRD,THA,137e5,0.0211668
TL,Timor-Leste,1990,,175.7,5.34,TLS,East Asia & Pacific,Dili,125.567,-8.56667,Lower middle income,IDA,TLS,134719,0.0429345
TL,Timor-Leste,2010,1815.29354910178,63.8,6.234,TLS,East Asia & Pacific,Dili,125.567,-8.56667,Lower middle income,IDA,TLS,154657,0.0367543
TG,Togo,1990,872.635745990101,146.2,6.324,TGO,Sub-Saharan Africa,Lome,1.2255,6.1228,Low income,IDA,TGO,559269,0.069172
TG,Togo,2010,1183.83933770636,90.9,4.868,TGO,Sub-Saharan Africa,Lome,1.2255,6.1228,Low income,IDA,TGO,1070193,0.0497628
TO,Tonga,1990,2310.12077125258,21.9,4.644,TON,East Asia & Pacific,Nuku'alofa,-175.216,-21.136,Lower middle income,IDA,TON,15617,0.029974
TO,Tonga,2010,4883.07293214316,17.4,3.913,TON,East Asia & Pacific,Nuku'alofa,-175.216,-21.136,Lower middle income,IDA,TON,17549,0.0257495
TT,Trinidad and Tobago,1990,7921.0789249332,30.5,2.453,TTO,Latin America & Caribbean,Port-of-Spain,-61.4789,10.6596,High income,IBRD,TTO,234127,0.0375555
TT,Trinidad and Tobago,2010,30628.5417613587,23.6,1.806,TTO,Latin America & Caribbean,Port-of-Spain,-61.4789,10.6596,High income,IBRD,TTO,287698,0.0282834
TN,Tunisia,1990,3629.12019998381,57,3.476,TUN,Middle East & North Africa,Tunis,10.21,36.7899,Upper middle income,IBRD,TUN,1423484,0.026017
TN,Tunisia,2010,10225.2522337184,17.4,2.144,TUN,Middle East & North Africa,Tunis,10.21,36.7899,Upper middle income,IBRD,TUN,2212832,0.0219519
TR,Turkey,1990,6141.08041123204,74.5,3.107,TUR,Europe & Central Asia,Ankara,32.3606,39.7153,Upper middle income,IBRD,TUR,9804430,0.0239793
TR,Turkey,2010,17459.5697219998,19.1,2.155,TUR,Europe & Central Asia,Ankara,32.3606,39.7153,Upper middle income,IBRD,TUR,147e5,0.0166044
TM,Turkmenistan,1990,5375.3948276821,90.5,4.344,TKM,Europe & Central Asia,Ashgabat,58.3794,37.9509,Lower middle income,IBRD,TKM,643821,0.0459292
TM,Turkmenistan,2010,9741.30529127428,60.1,2.833,TKM,Europe & Central Asia,Ashgabat,58.3794,37.9509,Lower middle income,IBRD,TKM,1016649,0.0367259
TC,Turks and Caicos Islands,1990,,,,TCA,Latin America & Caribbean,Grand Turk,-71.141389,21.4602778,High income,Not classified,,,
TC,Turks and Caicos Islands,2010,,,,TCA,Latin America & Caribbean,Grand Turk,-71.141389,21.4602778,High income,Not classified,,,
TV,Tuvalu,1990,1531.51646555871,57.2,,TUV,East Asia & Pacific,Funafuti,179.089567,-8.6314877,Lower middle income,IDA,,,
TV,Tuvalu,2010,2945.71868217363,31.7,,TUV,East Asia & Pacific,Funafuti,179.089567,-8.6314877,Lower middle income,IDA,,,
UG,Uganda,1990,505.460979991516,187.1,7.091,UGA,Sub-Saharan Africa,Kampala,32.5729,0.314269,Low income,IDA,UGA,2648999,0.0575349
UG,Uganda,2010,1508.97741496366,75.2,6.154,UGA,Sub-Saharan Africa,Kampala,32.5729,0.314269,Low income,IDA,UGA,5040070,0.0379767
UA,Ukraine,1990,6763.20305813102,19.5,1.844,UKR,Europe & Central Asia,Kiev,30.5038,50.4536,Lower middle income,IBRD,UKR,9123935,0.0374134
UA,Ukraine,2010,7666.2195766859,11.8,1.443,UKR,Europe & Central Asia,Kiev,30.5038,50.4536,Lower middle income,IBRD,UKR,8505447,0.0271584
AE,United Arab Emirates,1990,71786.1128303808,16.5,4.454,ARE,Middle East & North Africa,Abu Dhabi,54.3705,24.4764,High income,Not classified,ARE,243154,0.0284014
AE,United Arab Emirates,2010,56415.0740541116,8.5,1.869,ARE,Middle East & North Africa,Abu Dhabi,54.3705,24.4764,High income,Not classified,ARE,1259902,0.0177529
GB,United Kingdom,1990,16739.1467649314,9.3,1.83,GBR,Europe & Central Asia,London,-0.126236,51.5002,High income,Not classified,GBR,106e5,0.0134729
GB,United Kingdom,2010,35740.7372005297,5.2,1.92,GBR,Europe & Central Asia,London,-0.126236,51.5002,High income,Not classified,GBR,105e5,0.0110738
US,United States,1990,23954.4793548671,11.2,2.081,USA,North America,Washington D.C.,-77.032,38.8895,High income,Not classified,,,
US,United States,2010,48373.8788155779,7.4,1.931,USA,North America,Washington D.C.,-77.032,38.8895,High income,Not classified,,,
UY,Uruguay,1990,6360.38252638167,23.1,2.52,URY,Latin America & Caribbean,Montevideo,-56.0675,-34.8941,Upper middle income,IBRD,URY,528700,0.0283394
UY,Uruguay,2010,16736.8510315505,12.3,2.078,URY,Latin America & Caribbean,Montevideo,-56.0675,-34.8941,Upper middle income,IBRD,URY,577893,0.0222867
UZ,Uzbekistan,1990,1984.90340654174,71.5,4.072,UZB,Europe & Central Asia,Tashkent,69.269,41.3052,Lower middle income,Blend,UZB,3505111,0.0408628
UZ,Uzbekistan,2010,4153.93884603207,46.1,2.342,UZB,Europe & Central Asia,Tashkent,69.269,41.3052,Lower middle income,Blend,UZB,5446519,0.0359972
VU,Vanuatu,1990,1647.68903580596,35.6,4.927,VUT,East Asia & Pacific,Port-Vila,168.321,-17.7404,Lower middle income,IDA,VUT,24274,0.0484113
VU,Vanuatu,2010,2888.39827319918,28.5,3.498,VUT,East Asia & Pacific,Port-Vila,168.321,-17.7404,Lower middle income,IDA,VUT,41925,0.0382992
VE,"Venezuela, RB",1990,9339.95443021821,29.6,3.448,VEN,Latin America & Caribbean,Caracas,-69.8371,9.08165,Upper middle income,IBRD,,,
VE,"Venezuela, RB",2010,16210.2899564076,16.6,2.472,VEN,Latin America & Caribbean,Caracas,-69.8371,9.08165,Upper middle income,IBRD,,,
VN,Vietnam,1990,970.235652440424,50.8,3.553,VNM,East Asia & Pacific,Hanoi,105.825,21.0069,Lower middle income,Blend,,,
VN,Vietnam,2010,4395.51016267998,24.8,1.946,VNM,East Asia & Pacific,Hanoi,105.825,21.0069,Lower middle income,Blend,,,
VI,Virgin Islands (U.S.),1990,,,2.954,VIR,Latin America & Caribbean,Charlotte Amalie,-64.8963,18.3358,High income,Not classified,,,
VI,Virgin Islands (U.S.),2010,,,1.81,VIR,Latin America & Caribbean,Charlotte Amalie,-64.8963,18.3358,High income,Not classified,,,
PS,West Bank and Gaza,1990,,44.4,6.718,PSE,Middle East & North Africa,,,,Lower middle income,Not classified,,,
PS,West Bank and Gaza,2010,2338.71987682303,23.8,4.419,PSE,Middle East & North Africa,,,,Lower middle income,Not classified,,,
YE,"Yemen, Rep.",1990,2150.41640378875,126.3,8.606,YEM,Middle East & North Africa,Sana'a,44.2075,15.352,Lower middle income,IDA,,,
YE,"Yemen, Rep.",2010,4388.14484651907,54.2,4.674,YEM,Middle East & North Africa,Sana'a,44.2075,15.352,Lower middle income,IDA,,,
ZM,Zambia,1990,1513.66871846388,190.6,6.442,ZMB,Sub-Saharan Africa,Lusaka,28.2937,-15.3982,Lower middle income,IDA,ZMB,1215486,0.0611361
ZM,Zambia,2010,3212.94188088675,82.1,5.397,ZMB,Sub-Saharan Africa,Lusaka,28.2937,-15.3982,Lower middle income,IDA,ZMB,2032612,0.0405191
ZW,Zimbabwe,1990,1675.80668134508,75.8,5.176,ZWE,Sub-Saharan Africa,Harare,31.0672,-17.8312,Low income,Blend,ZWE,1635063,0.0469119
ZW,Zimbabwe,2010,1430.86088858567,89.5,4.028,ZWE,Sub-Saharan Africa,Harare,31.0672,-17.8312,Low income,Blend,ZWE,2183203,0.0240893
